Pattern,Components,Score,PrimeProduct
Straight Flush to 6,"ranks=2,3,4,5,6",9,2310
Flush: 75432,"ranks=7,5,4,3,2",1599,2730
Flush: 85432,"ranks=8,5,4,3,2",1595,3570
Flush: 95432,"ranks=9,5,4,3,2",1581,3990
Flush: 76432,"ranks=7,6,4,3,2",1598,4290
Flush: T5432,"ranks=T,5,4,3,2",1547,4830
Flush: 86432,"ranks=8,6,4,3,2",1594,5610
Flush: 76532,"ranks=7,6,5,3,2",1597,6006
Flush: J5432,"ranks=J,5,4,3,2",1478,6090
Flush: 96432,"ranks=9,6,4,3,2",1580,6270
Flush: Q5432,"ranks=Q,5,4,3,2",1353,6510
Flush: 87432,"ranks=8,7,4,3,2",1590,6630
Flush: 97432,"ranks=9,7,4,3,2",1576,7410
Flush: T6432,"ranks=T,6,4,3,2",1546,7590
Flush: K5432,"ranks=K,5,4,3,2",1144,7770
Flush: 86532,"ranks=8,6,5,3,2",1593,7854
Straight Flush to 5,"ranks=A,2,3,4,5",10,8610
Flush: 96532,"ranks=9,6,5,3,2",1579,8778
Flush: T7432,"ranks=T,7,4,3,2",1542,8970
Flush: 87532,"ranks=8,7,5,3,2",1589,9282
Flush: J6432,"ranks=J,6,4,3,2",1477,9570
Flush: 98432,"ranks=9,8,4,3,2",1566,9690
Flush: 76542,"ranks=7,6,5,4,2",1596,10010
Flush: Q6432,"ranks=Q,6,4,3,2",1352,10230
Flush: 97532,"ranks=9,7,5,3,2",1575,10374
Flush: T6532,"ranks=T,6,5,3,2",1545,10626
Flush: J7432,"ranks=J,7,4,3,2",1473,11310
Flush: T8432,"ranks=T,8,4,3,2",1532,11730
Flush: Q7432,"ranks=Q,7,4,3,2",1348,12090
Flush: K6432,"ranks=K,6,4,3,2",1143,12210
Flush: T7532,"ranks=T,7,5,3,2",1541,12558
Flush: 86542,"ranks=8,6,5,4,2",1592,13090
Flush: T9432,"ranks=T,9,4,3,2",1512,13110
Flush: J6532,"ranks=J,6,5,3,2",1476,13398
Flush: A6432,"ranks=A,6,4,3,2",815,13530
Flush: 98532,"ranks=9,8,5,3,2",1565,13566
Flush: Q6532,"ranks=Q,6,5,3,2",1351,14322
Flush: K7432,"ranks=K,7,4,3,2",1139,14430
Flush: 87632,"ranks=8,7,6,3,2",1586,14586
Flush: 96542,"ranks=9,6,5,4,2",1578,14630
Flush: J8432,"ranks=J,8,4,3,2",1463,14790
Straight Flush to 7,"ranks=3,4,5,6,7",8,15015
Flush: 87542,"ranks=8,7,5,4,2",1588,15470
Flush: Q8432,"ranks=Q,8,4,3,2",1338,15810
Flush: J7532,"ranks=J,7,5,3,2",1472,15834
Flush: A7432,"ranks=A,7,4,3,2",811,15990
Flush: 97632,"ranks=9,7,6,3,2",1572,16302
Flush: T8532,"ranks=T,8,5,3,2",1531,16422
Flush: J9432,"ranks=J,9,4,3,2",1443,16530
Flush: Q7532,"ranks=Q,7,5,3,2",1347,16926
Flush: K6532,"ranks=K,6,5,3,2",1142,17094
Flush: 97542,"ranks=9,7,5,4,2",1574,17290
Flush: Q9432,"ranks=Q,9,4,3,2",1318,17670
Flush: T6542,"ranks=T,6,5,4,2",1544,17710
Flush: T9532,"ranks=T,9,5,3,2",1511,18354
Flush: K8432,"ranks=K,8,4,3,2",1129,18870
Flush: A6532,"ranks=A,6,5,3,2",814,18942
Flush: 86543,"ranks=8,6,5,4,3",1591,19635
Flush: T7632,"ranks=T,7,6,3,2",1538,19734
Flush: JT432,"ranks=J,T,4,3,2",1408,20010
Flush: K7532,"ranks=K,7,5,3,2",1138,20202
Flush: J8532,"ranks=J,8,5,3,2",1462,20706
Flush: A8432,"ranks=A,8,4,3,2",801,20910
Flush: T7542,"ranks=T,7,5,4,2",1540,20930
Flush: K9432,"ranks=K,9,4,3,2",1109,21090
Flush: 98632,"ranks=9,8,6,3,2",1562,21318
Flush: QT432,"ranks=Q,T,4,3,2",1283,21390
Flush: 96543,"ranks=9,6,5,4,3",1577,21945
Flush: Q8532,"ranks=Q,8,5,3,2",1337,22134
Flush: J6542,"ranks=J,6,5,4,2",1475,22330
Flush: A7532,"ranks=A,7,5,3,2",810,22386
Flush: 98542,"ranks=9,8,5,4,2",1564,22610
Flush: J9532,"ranks=J,9,5,3,2",1442,23142
Flush: 87543,"ranks=8,7,5,4,3",1587,23205
Flush: A9432,"ranks=A,9,4,3,2",781,23370
Flush: Q6542,"ranks=Q,6,5,4,2",1350,23870
Flush: 87642,"ranks=8,7,6,4,2",1585,24310
Flush: Q9532,"ranks=Q,9,5,3,2",1317,24738
Flush: J7632,"ranks=J,7,6,3,2",1469,24882
Flush: 98732,"ranks=9,8,7,3,2",1556,25194
Flush: KT432,"ranks=K,T,4,3,2",1074,25530
Flush: T8632,"ranks=T,8,6,3,2",1528,25806
Flush: 97543,"ranks=9,7,5,4,3",1573,25935
Flush: J7542,"ranks=J,7,5,4,2",1471,26390
Flush: K8532,"ranks=K,8,5,3,2",1128,26418
Flush: T6543,"ranks=T,6,5,4,3",1543,26565
Flush: Q7632,"ranks=Q,7,6,3,2",1344,26598
Flush: QJ432,"ranks=Q,J,4,3,2",1227,26970
Flush: 97642,"ranks=9,7,6,4,2",1571,27170
Flush: T8542,"ranks=T,8,5,4,2",1530,27370
Flush: JT532,"ranks=J,T,5,3,2",1407,28014
Flush: Q7542,"ranks=Q,7,5,4,2",1346,28210
Flush: AT432,"ranks=A,T,4,3,2",746,28290
Flush: K6542,"ranks=K,6,5,4,2",1141,28490
Flush: T9632,"ranks=T,9,6,3,2",1508,28842
Flush: A8532,"ranks=A,8,5,3,2",800,29274
Flush: K9532,"ranks=K,9,5,3,2",1108,29526
Flush: QT532,"ranks=Q,T,5,3,2",1282,29946
Flush: T8732,"ranks=T,8,7,3,2",1522,30498
Flush: T9542,"ranks=T,9,5,4,2",1510,30590
Flush: T7543,"ranks=T,7,5,4,3",1539,31395
Flush: A6542,"ranks=A,6,5,4,2",813,31570
Flush: K7632,"ranks=K,7,6,3,2",1135,31746
Flush: KJ432,"ranks=K,J,4,3,2",1018,32190
Flush: J8632,"ranks=J,8,6,3,2",1459,32538
Flush: A9532,"ranks=A,9,5,3,2",780,32718
Flush: T7642,"ranks=T,7,6,4,2",1537,32890
Flush: J6543,"ranks=J,6,5,4,3",1474,33495
Flush: K7542,"ranks=K,7,5,4,2",1137,33670
Flush: 98543,"ranks=9,8,5,4,3",1563,33915
Flush: 87652,"ranks=8,7,6,5,2",1583,34034
Flush: T9732,"ranks=T,9,7,3,2",1502,34086
Flush: KQ432,"ranks=K,Q,4,3,2",934,34410
Flush: J8542,"ranks=J,8,5,4,2",1461,34510
Flush: Q8632,"ranks=Q,8,6,3,2",1334,34782
Flush: A7632,"ranks=A,7,6,3,2",807,35178
Flush: 98642,"ranks=9,8,6,4,2",1561,35530
Flush: AJ432,"ranks=A,J,4,3,2",690,35670
Flush: KT532,"ranks=K,T,5,3,2",1073,35742
Flush: Q6543,"ranks=Q,6,5,4,3",1349,35805
Flush: J9632,"ranks=J,9,6,3,2",1439,36366
Flush: 87643,"ranks=8,7,6,4,3",1584,36465
Flush: Q8542,"ranks=Q,8,5,4,2",1336,36890
Flush: A7542,"ranks=A,7,5,4,2",809,37310
Flush: QJ532,"ranks=Q,J,5,3,2",1226,37758
Flush: 97652,"ranks=9,7,6,5,2",1569,38038
Flush: AQ432,"ranks=A,Q,4,3,2",606,38130
Flush: J8732,"ranks=J,8,7,3,2",1453,38454
Flush: J9542,"ranks=J,9,5,4,2",1441,38570
Flush: Q9632,"ranks=Q,9,6,3,2",1314,38874
Flush: J7543,"ranks=J,7,5,4,3",1470,39585
Flush: AT532,"ranks=A,T,5,3,2",745,39606
Flush: 97643,"ranks=9,7,6,4,3",1570,40755
Flush: T8543,"ranks=T,8,5,4,3",1529,41055
Flush: Q8732,"ranks=Q,8,7,3,2",1328,41106
Flush: Q9542,"ranks=Q,9,5,4,2",1316,41230
Flush: J7642,"ranks=J,7,6,4,2",1468,41470
Flush: K8632,"ranks=K,8,6,3,2",1125,41514
Flush: 98742,"ranks=9,8,7,4,2",1555,41990
Flush: Q7543,"ranks=Q,7,5,4,3",1345,42315
Flush: K6543,"ranks=K,6,5,4,3",1140,42735
Flush: J9732,"ranks=J,9,7,3,2",1433,42978
Flush: T8642,"ranks=T,8,6,4,2",1527,43010
Flush: JT632,"ranks=J,T,6,3,2",1404,44022
Flush: K8542,"ranks=K,8,5,4,2",1127,44030
Flush: Q7642,"ranks=Q,7,6,4,2",1343,44330
Flush: T9832,"ranks=T,9,8,3,2",1492,44574
Flush: KJ532,"ranks=K,J,5,3,2",1017,45066
Flush: AK432,"ranks=A,K,4,3,2",486,45510
Flush: T9543,"ranks=T,9,5,4,3",1509,45885
Flush: Q9732,"ranks=Q,9,7,3,2",1308,45942
Flush: A8632,"ranks=A,8,6,3,2",797,46002
Flush: T7652,"ranks=T,7,6,5,2",1535,46046
Flush: K9632,"ranks=K,9,6,3,2",1105,46398
Flush: JT542,"ranks=J,T,5,4,2",1406,46690
Flush: QT632,"ranks=Q,T,6,3,2",1279,47058
Flush: A6543,"ranks=A,6,5,4,3",812,47355
Flush: T9642,"ranks=T,9,6,4,2",1507,48070
Flush: KQ532,"ranks=K,Q,5,3,2",933,48174
Flush: A8542,"ranks=A,8,5,4,2",799,48790
Flush: K8732,"ranks=K,8,7,3,2",1119,49062
Flush: K9542,"ranks=K,9,5,4,2",1107,49210
Flush: T7643,"ranks=T,7,6,4,3",1536,49335
Flush: 98652,"ranks=9,8,6,5,2",1559,49742
Flush: QT542,"ranks=Q,T,5,4,2",1281,49910
Flush: AJ532,"ranks=A,J,5,3,2",689,49938
Flush: K7543,"ranks=K,7,5,4,3",1136,50505
Flush: T8742,"ranks=T,8,7,4,2",1521,50830
Flush: 87653,"ranks=8,7,6,5,3",1582,51051
Flush: A9632,"ranks=A,9,6,3,2",777,51414
Flush: J8543,"ranks=J,8,5,4,3",1460,51765
Flush: JT732,"ranks=J,T,7,3,2",1398,52026
Flush: K7642,"ranks=K,7,6,4,2",1134,52910
Flush: 98643,"ranks=9,8,6,4,3",1560,53295
Flush: AQ532,"ranks=A,Q,5,3,2",605,53382
Flush: J8642,"ranks=J,8,6,4,2",1458,54230
Flush: A8732,"ranks=A,8,7,3,2",791,54366
Flush: A9542,"ranks=A,9,5,4,2",779,54530
Flush: K9732,"ranks=K,9,7,3,2",1099,54834
Flush: Q8543,"ranks=Q,8,5,4,3",1335,55335
Flush: QT732,"ranks=Q,T,7,3,2",1273,55614
Flush: A7543,"ranks=A,7,5,4,3",808,55965
Flush: KT632,"ranks=K,T,6,3,2",1070,56166
Flush: J9832,"ranks=J,9,8,3,2",1423,56202
Flush: T9742,"ranks=T,9,7,4,2",1501,56810
Flush: 97653,"ranks=9,7,6,5,3",1568,57057
Flush: J9543,"ranks=J,9,5,4,3",1440,57855
Flush: Q8642,"ranks=Q,8,6,4,2",1333,57970
Flush: J7652,"ranks=J,7,6,5,2",1466,58058
Flush: A7642,"ranks=A,7,6,4,2",806,58630
Flush: 98752,"ranks=9,8,7,5,2",1553,58786
Flush: QJ632,"ranks=Q,J,6,3,2",1223,59334
Flush: KT542,"ranks=K,T,5,4,2",1072,59570
Flush: Q9832,"ranks=Q,9,8,3,2",1298,60078
Flush: T8652,"ranks=T,8,6,5,2",1525,60214
Flush: J9642,"ranks=J,9,6,4,2",1438,60610
Flush: A9732,"ranks=A,9,7,3,2",771,60762
Flush: Q9543,"ranks=Q,9,5,4,3",1315,61845
Flush: Q7652,"ranks=Q,7,6,5,2",1341,62062
Flush: J7643,"ranks=J,7,6,4,3",1467,62205
Flush: AT632,"ranks=A,T,6,3,2",742,62238
Flush: QJ542,"ranks=Q,J,5,4,2",1225,62930
Flush: 98743,"ranks=9,8,7,4,3",1554,62985
Flush: AK532,"ranks=A,K,5,3,2",485,63714
Flush: J8742,"ranks=J,8,7,4,2",1452,64090
Flush: T8643,"ranks=T,8,6,4,3",1526,64515
Flush: Q9642,"ranks=Q,9,6,4,2",1313,64790
Flush: AT542,"ranks=A,T,5,4,2",744,66010
Flush: K8543,"ranks=K,8,5,4,3",1126,66045
Flush: KT732,"ranks=K,T,7,3,2",1064,66378
Flush: Q7643,"ranks=Q,7,6,4,3",1342,66495
Flush: T9652,"ranks=T,9,6,5,2",1505,67298
Flush: JT832,"ranks=J,T,8,3,2",1388,68034
Flush: Q8742,"ranks=Q,8,7,4,2",1327,68510
Flush: T7653,"ranks=T,7,6,5,3",1534,69069
Flush: K8642,"ranks=K,8,6,4,2",1124,69190
Flush: JT543,"ranks=J,T,5,4,3",1405,70035
Flush: QJ732,"ranks=Q,J,7,3,2",1217,70122
Flush: KJ632,"ranks=K,J,6,3,2",1014,70818
Flush: T8752,"ranks=T,8,7,5,2",1519,71162
Flush: J9742,"ranks=J,9,7,4,2",1432,71630
Flush: K9832,"ranks=K,9,8,3,2",1089,71706
Flush: T9643,"ranks=T,9,6,4,3",1506,72105
Flush: QT832,"ranks=Q,T,8,3,2",1263,72726
Flush: A8543,"ranks=A,8,5,4,3",798,73185
Flush: JT642,"ranks=J,T,6,4,2",1403,73370
Flush: AT732,"ranks=A,T,7,3,2",736,73554
Flush: K9543,"ranks=K,9,5,4,3",1106,73815
Flush: K7652,"ranks=K,7,6,5,2",1132,74074
Flush: T9842,"ranks=T,9,8,4,2",1491,74290
Flush: 98653,"ranks=9,8,6,5,3",1558,74613
Flush: QT543,"ranks=Q,T,5,4,3",1280,74865
Flush: KJ542,"ranks=K,J,5,4,2",1016,75110
Flush: KQ632,"ranks=K,Q,6,3,2",930,75702
Flush: J8652,"ranks=J,8,6,5,2",1456,75922
Flush: JT932,"ranks=J,T,9,3,2",1373,76038
Flush: T8743,"ranks=T,8,7,4,3",1520,76245
Flush: Q9742,"ranks=Q,9,7,4,2",1307,76570
Flush: A8642,"ranks=A,8,6,4,2",796,76670
Flush: K9642,"ranks=K,9,6,4,2",1104,77330
Flush: QT642,"ranks=Q,T,6,4,2",1278,78430
Flush: AJ632,"ranks=A,J,6,3,2",686,78474
Flush: K7643,"ranks=K,7,6,4,3",1133,79365
Flush: A9832,"ranks=A,9,8,3,2",761,79458
Flush: T9752,"ranks=T,9,7,5,2",1499,79534
Flush: KQ542,"ranks=K,Q,5,4,2",932,80290
Flush: Q8652,"ranks=Q,8,6,5,2",1331,81158
Flush: QT932,"ranks=Q,T,9,3,2",1248,81282
Flush: J8643,"ranks=J,8,6,4,3",1457,81345
Flush: K8742,"ranks=K,8,7,4,2",1118,81770
Flush: A9543,"ranks=A,9,5,4,3",778,81795
Flush: A7652,"ranks=A,7,6,5,2",804,82082
Flush: AJ542,"ranks=A,J,5,4,2",688,83230
Flush: KJ732,"ranks=K,J,7,3,2",1008,83694
Flush: AQ632,"ranks=A,Q,6,3,2",602,83886
Flush: J9652,"ranks=J,9,6,5,2",1436,84854
Straight Flush to 8,"ranks=4,5,6,7,8",7,85085
Flush: T9743,"ranks=T,9,7,4,3",1500,85215
Flush: A9642,"ranks=A,9,6,4,2",776,85690
Flush: JT742,"ranks=J,T,7,4,2",1397,86710
Flush: KT832,"ranks=K,T,8,3,2",1054,86802
Flush: Q8643,"ranks=Q,8,6,4,3",1332,86955
Flush: J7653,"ranks=J,7,6,5,3",1465,87087
Flush: A7643,"ranks=A,7,6,4,3",805,87945
Flush: 98753,"ranks=9,8,7,5,3",1552,88179
Flush: AQ542,"ranks=A,Q,5,4,2",604,88970
Flush: KT543,"ranks=K,T,5,4,3",1071,89355
Flush: KQ732,"ranks=K,Q,7,3,2",924,89466
Flush: J8752,"ranks=J,8,7,5,2",1450,89726
Flush: T8653,"ranks=T,8,6,5,3",1524,90321
Flush: A8742,"ranks=A,8,7,4,2",790,90610
Flush: Q9652,"ranks=Q,9,6,5,2",1311,90706
Flush: J9643,"ranks=J,9,6,4,3",1437,90915
Flush: K9742,"ranks=K,9,7,4,2",1098,91390
Flush: QJ832,"ranks=Q,J,8,3,2",1207,91698
Flush: 98762,"ranks=9,8,7,6,2",1550,92378
Flush: QT742,"ranks=Q,T,7,4,2",1272,92690
Flush: AJ732,"ranks=A,J,7,3,2",680,92742
Flush: Q7653,"ranks=Q,7,6,5,3",1340,93093
Flush: KT642,"ranks=K,T,6,4,2",1069,93610
Flush: J9842,"ranks=J,9,8,4,2",1422,93670
Flush: QJ543,"ranks=Q,J,5,4,3",1224,94395
Flush: 97654,"ranks=9,7,6,5,4",1567,95095
Flush: Q8752,"ranks=Q,8,7,5,2",1325,95914
Flush: J8743,"ranks=J,8,7,4,3",1451,96135
Flush: AT832,"ranks=A,T,8,3,2",726,96186
Flush: K8652,"ranks=K,8,6,5,2",1122,96866
Flush: KT932,"ranks=K,T,9,3,2",1039,97014
Flush: Q9643,"ranks=Q,9,6,4,3",1312,97185
Flush: QJ642,"ranks=Q,J,6,4,2",1222,98890
Flush: AT543,"ranks=A,T,5,4,3",743,99015
Flush: AQ732,"ranks=A,Q,7,3,2",596,99138
Flush: AK632,"ranks=A,K,6,3,2",482,100122
Flush: Q9842,"ranks=Q,9,8,4,2",1297,100130
Flush: J9752,"ranks=J,9,7,5,2",1430,100282
Flush: T9653,"ranks=T,9,6,5,3",1504,100947
Flush: A9742,"ranks=A,9,7,4,2",770,101270
Flush: QJ932,"ranks=Q,J,9,3,2",1192,102486
Flush: JT652,"ranks=J,T,6,5,2",1401,102718
Flush: Q8743,"ranks=Q,8,7,4,3",1326,102765
Flush: AT642,"ranks=A,T,6,4,2",741,103730
Flush: K8643,"ranks=K,8,6,4,3",1123,103785
Flush: T9852,"ranks=T,9,8,5,2",1489,104006
Flush: AK542,"ranks=A,K,5,4,2",484,106190
Flush: T8753,"ranks=T,8,7,5,3",1518,106743
Flush: Q9752,"ranks=Q,9,7,5,2",1305,107198
Flush: A8652,"ranks=A,8,6,5,2",794,107338
Flush: J9743,"ranks=J,9,7,4,3",1431,107445
Flush: AT932,"ranks=A,T,9,3,2",711,107502
Flush: K9652,"ranks=K,9,6,5,2",1102,108262
Flush: KJ832,"ranks=K,J,8,3,2",998,109446
Flush: QT652,"ranks=Q,T,6,5,2",1276,109802
Flush: JT643,"ranks=J,T,6,4,3",1402,110055
Flush: KT742,"ranks=K,T,7,4,2",1063,110630
Flush: K7653,"ranks=K,7,6,5,3",1131,111111
Flush: T9843,"ranks=T,9,8,4,3",1490,111435
Flush: T8762,"ranks=T,8,7,6,2",1516,111826
Flush: KJ543,"ranks=K,J,5,4,3",1015,112665
Flush: JT842,"ranks=J,T,8,4,2",1387,113390
Flush: J8653,"ranks=J,8,6,5,3",1455,113883
Flush: K8752,"ranks=K,8,7,5,2",1116,114478
Flush: Q9743,"ranks=Q,9,7,4,3",1306,114855
Flush: A8643,"ranks=A,8,6,4,3",795,115005
Flush: T7654,"ranks=T,7,6,5,4",1533,115115
Flush: K9643,"ranks=K,9,6,4,3",1103,115995
Flush: QJ742,"ranks=Q,J,7,4,2",1216,116870
Flush: KQ832,"ranks=K,Q,8,3,2",914,116994
Flush: QT643,"ranks=Q,T,6,4,3",1277,117645
Flush: KJ642,"ranks=K,J,6,4,2",1013,118030
Flush: AK732,"ranks=A,K,7,3,2",476,118326
Flush: T9753,"ranks=T,9,7,5,3",1498,119301
Flush: K9842,"ranks=K,9,8,4,2",1088,119510
Flush: A9652,"ranks=A,9,6,5,2",774,119966
Flush: KQ543,"ranks=K,Q,5,4,3",931,120435
Flush: QT842,"ranks=Q,T,8,4,2",1262,121210
Flush: AJ832,"ranks=A,J,8,3,2",670,121278
Flush: JT752,"ranks=J,T,7,5,2",1395,121394
Flush: Q8653,"ranks=Q,8,6,5,3",1330,121737
Flush: KJ932,"ranks=K,J,9,3,2",983,122322
Flush: AT742,"ranks=A,T,7,4,2",735,122590
Flush: K8743,"ranks=K,8,7,4,3",1117,122655
Flush: A7653,"ranks=A,7,6,5,3",803,123123
Flush: QJT32,"ranks=Q,J,T,3,2",1171,124062
Flush: 98654,"ranks=9,8,6,5,4",1557,124355
Flush: AJ543,"ranks=A,J,5,4,3",687,124845
Flush: T9762,"ranks=T,9,7,6,2",1496,124982
Flush: KQ642,"ranks=K,Q,6,4,2",929,126170
Flush: JT942,"ranks=J,T,9,4,2",1372,126730
Flush: A8752,"ranks=A,8,7,5,2",788,126854
Flush: J9653,"ranks=J,9,6,5,3",1435,127281
Flush: K9752,"ranks=K,9,7,5,2",1096,127946
Flush: A9643,"ranks=A,9,6,4,3",775,128535
Flush: AQ832,"ranks=A,Q,8,3,2",586,129642
Flush: QT752,"ranks=Q,T,7,5,2",1270,129766
Flush: JT743,"ranks=J,T,7,4,3",1396,130065
Flush: KQ932,"ranks=K,Q,9,3,2",899,130758
Flush: AJ642,"ranks=A,J,6,4,2",685,130790
Flush: KT652,"ranks=K,T,6,5,2",1067,131054
Flush: J9852,"ranks=J,9,8,5,2",1420,131138
Flush: A9842,"ranks=A,9,8,4,2",760,132430
Flush: AQ543,"ranks=A,Q,5,4,3",603,133455
Flush: J8753,"ranks=J,8,7,5,3",1449,134589
Flush: QT942,"ranks=Q,T,9,4,2",1247,135470
Flush: AJ932,"ranks=A,J,9,3,2",655,135546
Flush: A8743,"ranks=A,8,7,4,3",789,135915
Flush: Q9653,"ranks=Q,9,6,5,3",1310,136059
Flush: K9743,"ranks=K,9,7,4,3",1097,137085
Flush: QJ652,"ranks=Q,J,6,5,2",1220,138446
Flush: 98763,"ranks=9,8,7,6,3",1549,138567
Flush: QT743,"ranks=Q,T,7,4,3",1271,139035
Flush: KJ742,"ranks=K,J,7,4,2",1007,139490
Flush: AQ642,"ranks=A,Q,6,4,2",601,139810
Flush: Q9852,"ranks=Q,9,8,5,2",1295,140182
Flush: KT643,"ranks=K,T,6,4,3",1068,140415
Flush: J9843,"ranks=J,9,8,4,3",1421,140505
Flush: J8762,"ranks=J,8,7,6,2",1447,140998
Flush: A9752,"ranks=A,9,7,5,2",768,141778
Flush: Q8753,"ranks=Q,8,7,5,3",1324,143871
Flush: KT842,"ranks=K,T,8,4,2",1053,144670
Flush: AQ932,"ranks=A,Q,9,3,2",571,144894
Flush: J7654,"ranks=J,7,6,5,4",1464,145145
Flush: AT652,"ranks=A,T,6,5,2",739,145222
Flush: K8653,"ranks=K,8,6,5,3",1121,145299
Flush: 98754,"ranks=9,8,7,5,4",1551,146965
Flush: KJT32,"ranks=K,J,T,3,2",962,148074
Flush: QJ643,"ranks=Q,J,6,4,3",1221,148335
Flush: KQ742,"ranks=K,Q,7,4,2",923,149110
Flush: Q9843,"ranks=Q,9,8,4,3",1296,150195
Flush: J9753,"ranks=J,9,7,5,3",1429,150423
Flush: T8654,"ranks=T,8,6,5,4",1523,150535
Flush: Q8762,"ranks=Q,8,7,6,2",1322,150722
Flush: A9743,"ranks=A,9,7,4,3",769,151905
Flush: QJ842,"ranks=Q,J,8,4,2",1206,152830
Flush: JT653,"ranks=J,T,6,5,3",1400,154077
Flush: AJ742,"ranks=A,J,7,4,2",679,154570
Flush: AK832,"ranks=A,K,8,3,2",466,154734
Flush: KT752,"ranks=K,T,7,5,2",1061,154882
Flush: Q7654,"ranks=Q,7,6,5,4",1339,155155
Flush: AT643,"ranks=A,T,6,4,3",740,155595
Flush: T9853,"ranks=T,9,8,5,3",1488,156009
Flush: J9762,"ranks=J,9,7,6,2",1427,157586
Flush: KQT32,"ranks=K,Q,T,3,2",878,158286
Flush: JT852,"ranks=J,T,8,5,2",1385,158746
Flush: AK543,"ranks=A,K,5,4,3",483,159285
Flush: AT842,"ranks=A,T,8,4,2",725,160310
Flush: Q9753,"ranks=Q,9,7,5,3",1304,160797
Flush: A8653,"ranks=A,8,6,5,3",793,161007
Flush: KT942,"ranks=K,T,9,4,2",1038,161690
Flush: K9653,"ranks=K,9,6,5,3",1101,162393
Flush: T9862,"ranks=T,9,8,6,2",1486,163438
Flush: QJ752,"ranks=Q,J,7,5,2",1214,163618
Flush: AJT32,"ranks=A,J,T,3,2",634,164082
Flush: QT653,"ranks=Q,T,6,5,3",1275,164703
Flush: AQ742,"ranks=A,Q,7,4,2",595,165230
Flush: KJ652,"ranks=K,J,6,5,2",1011,165242
Flush: KT743,"ranks=K,T,7,4,3",1062,165945
Flush: AK642,"ranks=A,K,6,4,2",481,166870
Flush: K9852,"ranks=K,9,8,5,2",1086,167314
Flush: T8763,"ranks=T,8,7,6,3",1515,167739
Flush: T9654,"ranks=T,9,6,5,4",1503,168245
Flush: Q9762,"ranks=Q,9,7,6,2",1302,168454
Flush: QT852,"ranks=Q,T,8,5,2",1260,169694
Flush: JT843,"ranks=J,T,8,4,3",1386,170085
Flush: QJ942,"ranks=Q,J,9,4,2",1191,170810
Flush: AT752,"ranks=A,T,7,5,2",733,171626
Flush: K8753,"ranks=K,8,7,5,3",1115,171717
Flush: AK932,"ranks=A,K,9,3,2",451,172938
Flush: QJ743,"ranks=Q,J,7,4,3",1215,175305
Flush: AQT32,"ranks=A,Q,T,3,2",550,175398
Flush: KQ652,"ranks=K,Q,6,5,2",927,176638
Flush: KJ643,"ranks=K,J,6,4,3",1012,177045
Flush: JT952,"ranks=J,T,9,5,2",1370,177422
Flush: T8754,"ranks=T,8,7,5,4",1517,177905
Flush: AT942,"ranks=A,T,9,4,2",710,179170
Flush: K9843,"ranks=K,9,8,4,3",1087,179265
Flush: K8762,"ranks=K,8,7,6,2",1113,179894
Flush: A9653,"ranks=A,9,6,5,3",773,179949
Flush: QT843,"ranks=Q,T,8,4,3",1261,181815
Flush: JT753,"ranks=J,T,7,5,3",1394,182091
Flush: KJ842,"ranks=K,J,8,4,2",997,182410
Flush: AJ652,"ranks=A,J,6,5,2",683,183106
Flush: AT743,"ranks=A,T,7,4,3",734,183885
Flush: K7654,"ranks=K,7,6,5,4",1130,185185
Flush: A9852,"ranks=A,9,8,5,2",758,185402
Flush: T9763,"ranks=T,9,7,6,3",1495,187473
Flush: KQ643,"ranks=K,Q,6,4,3",928,189255
Flush: QT952,"ranks=Q,T,9,5,2",1245,189658
Flush: J8654,"ranks=J,8,6,5,4",1454,189805
Flush: JT943,"ranks=J,T,9,4,3",1371,190095
Flush: A8753,"ranks=A,8,7,5,3",787,190281
Flush: JT762,"ranks=J,T,7,6,2",1392,190762
Flush: K9753,"ranks=K,9,7,5,3",1095,191919
Flush: T9872,"ranks=T,9,8,7,2",1482,193154
Flush: QT753,"ranks=Q,T,7,5,3",1269,194649
Flush: KQ842,"ranks=K,Q,8,4,2",913,194990
Flush: KJ752,"ranks=K,J,7,5,2",1005,195286
Flush: AQ652,"ranks=A,Q,6,5,2",599,195734
Flush: AJ643,"ranks=A,J,6,4,3",684,196185
Flush: KT653,"ranks=K,T,6,5,3",1066,196581
Flush: J9853,"ranks=J,9,8,5,3",1419,196707
Flush: AK742,"ranks=A,K,7,4,2",475,197210
Flush: A9843,"ranks=A,9,8,4,3",759,198645
Flush: T9754,"ranks=T,9,7,5,4",1497,198835
Flush: A8762,"ranks=A,8,7,6,2",785,199342
Flush: KQJ32,"ranks=K,Q,J,3,2",850,199578
Flush: K9762,"ranks=K,9,7,6,2",1093,201058
Flush: AJ842,"ranks=A,J,8,4,2",669,202130
Flush: KT852,"ranks=K,T,8,5,2",1051,202538
Flush: Q8654,"ranks=Q,8,6,5,4",1329,202895
Flush: QT943,"ranks=Q,T,9,4,3",1246,203205
Flush: KJ942,"ranks=K,J,9,4,2",982,203870
Flush: QT762,"ranks=Q,T,7,6,2",1267,203918
Flush: A7654,"ranks=A,7,6,5,4",802,205205
Flush: J9862,"ranks=J,9,8,6,2",1417,206074
Flush: QJT42,"ranks=Q,J,T,4,2",1170,206770
Flush: QJ653,"ranks=Q,J,6,5,3",1219,207669
Flush: KQ752,"ranks=K,Q,7,5,2",921,208754
Flush: KJ743,"ranks=K,J,7,4,3",1006,209235
Flush: AKT32,"ranks=A,K,T,3,2",430,209346
Flush: AQ643,"ranks=A,Q,6,4,3",600,209715
Flush: Q9853,"ranks=Q,9,8,5,3",1294,210273
Flush: J8763,"ranks=J,8,7,6,3",1446,211497
Flush: J9654,"ranks=J,9,6,5,4",1434,212135
Flush: A9753,"ranks=A,9,7,5,3",767,212667
Flush: QJ852,"ranks=Q,J,8,5,2",1204,213962
Flush: AQ842,"ranks=A,Q,8,4,2",585,216070
Flush: AJ752,"ranks=A,J,7,5,2",677,216398
Flush: KT843,"ranks=K,T,8,4,3",1052,217005
Flush: AT653,"ranks=A,T,6,5,3",738,217833
Flush: KQ942,"ranks=K,Q,9,4,2",898,217930
Flush: Q9862,"ranks=Q,9,8,6,2",1292,220286
Flush: AQJ32,"ranks=A,Q,J,3,2",522,221154
Flush: A9762,"ranks=A,9,7,6,2",765,222794
Flush: KQ743,"ranks=K,Q,7,4,3",922,223665
Flush: J8754,"ranks=J,8,7,5,4",1448,224315
Flush: AT852,"ranks=A,T,8,5,2",723,224434
Flush: AJ942,"ranks=A,J,9,4,2",654,225910
Flush: Q8763,"ranks=Q,8,7,6,3",1321,226083
Flush: KT952,"ranks=K,T,9,5,2",1036,226366
Flush: Q9654,"ranks=Q,9,6,5,4",1309,226765
Flush: QJ843,"ranks=Q,J,8,4,3",1205,229245
Flush: 98764,"ranks=9,8,7,6,4",1548,230945
Flush: AQ752,"ranks=A,Q,7,5,2",593,231322
Flush: AJ743,"ranks=A,J,7,4,3",678,231855
Flush: KT753,"ranks=K,T,7,5,3",1060,232323
Flush: AK652,"ranks=A,K,6,5,2",479,233618
Flush: J9763,"ranks=J,9,7,6,3",1426,236379
Flush: JT853,"ranks=J,T,8,5,3",1384,238119
Flush: QJ952,"ranks=Q,J,9,5,2",1189,239134
Flush: Q8754,"ranks=Q,8,7,5,4",1323,239785
Flush: AT843,"ranks=A,T,8,4,3",724,240465
Flush: AQ942,"ranks=A,Q,9,4,2",570,241490
Flush: K8654,"ranks=K,8,6,5,4",1120,242165
Flush: KT943,"ranks=K,T,9,4,3",1037,242535
Flush: KT762,"ranks=K,T,7,6,2",1058,243386
Flush: J9872,"ranks=J,9,8,7,2",1413,243542
Flush: T9863,"ranks=T,9,8,6,3",1485,245157
Flush: QJ753,"ranks=Q,J,7,5,3",1213,245427
Flush: KJT42,"ranks=K,J,T,4,2",961,246790
Flush: AQ743,"ranks=A,Q,7,4,3",594,247845
Flush: KJ653,"ranks=K,J,6,5,3",1010,247863
Flush: JT862,"ranks=J,T,8,6,2",1382,249458
Flush: AK643,"ranks=A,K,6,4,3",480,250305
Flush: J9754,"ranks=J,9,7,5,4",1428,250705
Flush: AT952,"ranks=A,T,9,5,2",708,250838
Flush: K9853,"ranks=K,9,8,5,3",1085,250971
Flush: Q9763,"ranks=Q,9,7,6,3",1301,252681
Flush: QT853,"ranks=Q,T,8,5,3",1259,254541
Flush: KJ852,"ranks=K,J,8,5,2",995,255374
Flush: QJ943,"ranks=Q,J,9,4,3",1190,256215
Flush: JT654,"ranks=J,T,6,5,4",1399,256795
Flush: QJ762,"ranks=Q,J,7,6,2",1211,257114
Flush: AT753,"ranks=A,T,7,5,3",732,257439
Flush: AK842,"ranks=A,K,8,4,2",465,257890
Flush: T9854,"ranks=T,9,8,5,4",1487,260015
Flush: Q9872,"ranks=Q,9,8,7,2",1288,260338
Flush: K9862,"ranks=K,9,8,6,2",1083,262922
Flush: KQT42,"ranks=K,Q,T,4,2",877,263810
Flush: AKJ32,"ranks=A,K,J,3,2",402,263958
Flush: KQ653,"ranks=K,Q,6,5,3",926,264957
Flush: JT953,"ranks=J,T,9,5,3",1369,266133
Flush: QT862,"ranks=Q,T,8,6,2",1257,266662
Flush: Q9754,"ranks=Q,9,7,5,4",1303,267995
Flush: A8654,"ranks=A,8,6,5,4",792,268345
Flush: AT943,"ranks=A,T,9,4,3",709,268755
Flush: AT762,"ranks=A,T,7,6,2",730,269698
Flush: K8763,"ranks=K,8,7,6,3",1112,269841
Flush: K9654,"ranks=K,9,6,5,4",1100,270655
Flush: KQ852,"ranks=K,Q,8,5,2",911,272986
Flush: AJT42,"ranks=A,J,T,4,2",633,273470
Flush: KJ843,"ranks=K,J,8,4,3",996,273615
Flush: QT654,"ranks=Q,T,6,5,4",1274,274505
Flush: AJ653,"ranks=A,J,6,5,3",682,274659
Flush: AK752,"ranks=A,K,7,5,2",473,276094
Flush: A9853,"ranks=A,9,8,5,3",757,278103
Flush: JT962,"ranks=J,T,9,6,2",1367,278806
Flush: T8764,"ranks=T,8,7,6,4",1514,279565
Flush: AKQ32,"ranks=A,K,Q,3,2",366,282162
Flush: AJ852,"ranks=A,J,8,5,2",667,282982
Flush: QT953,"ranks=Q,T,9,5,3",1244,284487
Flush: KJ952,"ranks=K,J,9,5,2",980,285418
Flush: JT763,"ranks=J,T,7,6,3",1391,286143
Flush: K8754,"ranks=K,8,7,5,4",1114,286195
Flush: AK942,"ranks=A,K,9,4,2",450,288230
Flush: QJT52,"ranks=Q,J,T,5,2",1168,289478
Flush: T9873,"ranks=T,9,8,7,3",1481,289731
Flush: A9862,"ranks=A,9,8,6,2",755,291346
Flush: AQT42,"ranks=A,Q,T,4,2",549,292330
Flush: KQ843,"ranks=K,Q,8,4,3",912,292485
Flush: KJ753,"ranks=K,J,7,5,3",1004,292929
Flush: AQ653,"ranks=A,Q,6,5,3",598,293601
Flush: JT872,"ranks=J,T,8,7,2",1378,294814
Flush: AK743,"ranks=A,K,7,4,3",474,295815
Flush: QT962,"ranks=Q,T,9,6,2",1242,298034
Flush: A8763,"ranks=A,8,7,6,3",784,299013
Flush: A9654,"ranks=A,9,6,5,4",772,299915
Flush: K9763,"ranks=K,9,7,6,3",1092,301587
Flush: AQ852,"ranks=A,Q,8,5,2",583,302498
Flush: AJ843,"ranks=A,J,8,4,3",668,303195
Flush: JT754,"ranks=J,T,7,5,4",1393,303485
Flush: KT853,"ranks=K,T,8,5,3",1050,303807
Flush: KQ952,"ranks=K,Q,9,5,2",896,305102
Flush: KJ943,"ranks=K,J,9,4,3",981,305805
Flush: QT763,"ranks=Q,T,7,6,3",1266,305877
Flush: KJ762,"ranks=K,J,7,6,2",1002,306878
Flush: J9863,"ranks=J,9,8,6,3",1416,309111
Flush: QJT43,"ranks=Q,J,T,4,3",1169,310155
Flush: K9872,"ranks=K,9,8,7,2",1079,310726
Flush: T9764,"ranks=T,9,7,6,4",1494,312455
Flush: KQ753,"ranks=K,Q,7,5,3",920,313131
Flush: QT872,"ranks=Q,T,8,7,2",1253,315146
Flush: AJ952,"ranks=A,J,9,5,2",652,316274
Flush: A8754,"ranks=A,8,7,5,4",786,317135
Flush: KT862,"ranks=K,T,8,6,2",1048,318274
Flush: K9754,"ranks=K,9,7,5,4",1094,319865
Flush: QJ853,"ranks=Q,J,8,5,3",1203,320943
Straight Flush to 9,"ranks=5,6,7,8,9",6,323323
Flush: AQ843,"ranks=A,Q,8,4,3",584,324105
Flush: QT754,"ranks=Q,T,7,5,4",1268,324415
Flush: AJ753,"ranks=A,J,7,5,3",676,324597
Flush: KQ943,"ranks=K,Q,9,4,3",897,326895
Flush: KT654,"ranks=K,T,6,5,4",1065,327635
Flush: J9854,"ranks=J,9,8,5,4",1418,327845
Flush: KQ762,"ranks=K,Q,7,6,2",918,328042
Flush: JT972,"ranks=J,T,9,7,2",1363,329498
Flush: Q9863,"ranks=Q,9,8,6,3",1291,330429
Flush: KQJ42,"ranks=K,Q,J,4,2",849,332630
Flush: A9763,"ranks=A,9,7,6,3",764,334191
Flush: QJ862,"ranks=Q,J,8,6,2",1201,336226
Flush: AT853,"ranks=A,T,8,5,3",722,336651
Flush: AQ952,"ranks=A,Q,9,5,2",568,338086
Flush: AJ943,"ranks=A,J,9,4,3",653,338865
Flush: KT953,"ranks=K,T,9,5,3",1035,339549
Flush: AJ762,"ranks=A,J,7,6,2",674,340054
Flush: A9872,"ranks=A,9,8,7,2",751,344318
Flush: KJT52,"ranks=K,J,T,5,2",959,345506
Flush: QJ654,"ranks=Q,J,6,5,4",1218,346115
Flush: AQ753,"ranks=A,Q,7,5,3",592,346983
Flush: AKT42,"ranks=A,K,T,4,2",429,348910
Flush: AK653,"ranks=A,K,6,5,3",478,350427
Flush: Q9854,"ranks=Q,9,8,5,4",1293,350455
Flush: QT972,"ranks=Q,T,9,7,2",1238,352222
Flush: J8764,"ranks=J,8,7,6,4",1445,352495
Flush: AT862,"ranks=A,T,8,6,2",720,352682
Flush: A9754,"ranks=A,9,7,5,4",766,354445
Flush: KT962,"ranks=K,T,9,6,2",1033,355718
Flush: QJ953,"ranks=Q,J,9,5,3",1188,358701
Flush: AK852,"ranks=A,K,8,5,2",463,361046
Flush: AQ943,"ranks=A,Q,9,4,3",569,362235
Flush: AT654,"ranks=A,T,6,5,4",737,363055
Flush: AQ762,"ranks=A,Q,7,6,2",590,363506
Flush: KT763,"ranks=K,T,7,6,3",1057,365079
Flush: J9873,"ranks=J,9,8,7,3",1412,365313
Flush: AQJ42,"ranks=A,Q,J,4,2",521,368590
Flush: KQT52,"ranks=K,Q,T,5,2",875,369334
Flush: KJT43,"ranks=K,J,T,4,3",960,370185
Flush: JT863,"ranks=J,T,8,6,3",1381,374187
Flush: QJ962,"ranks=Q,J,9,6,2",1186,375782
Flush: KT872,"ranks=K,T,8,7,2",1044,376142
Flush: AT953,"ranks=A,T,9,5,3",707,376257
Flush: Q8764,"ranks=Q,8,7,6,4",1320,376805
Flush: AJT52,"ranks=A,J,T,5,2",631,382858
Flush: KJ853,"ranks=K,J,8,5,3",994,383061
Flush: QJ763,"ranks=Q,J,7,6,3",1210,385671
Flush: AK843,"ranks=A,K,8,4,3",464,386835
Flush: KT754,"ranks=K,T,7,5,4",1059,387205
Flush: Q9873,"ranks=Q,9,8,7,3",1287,390507
Flush: T8765,"ranks=T,8,7,6,5",1513,391391
Flush: J9764,"ranks=J,9,7,6,4",1425,393965
Flush: AT962,"ranks=A,T,9,6,2",705,394174
Flush: K9863,"ranks=K,9,8,6,3",1082,394383
Flush: KQT43,"ranks=K,Q,T,4,3",876,395715
Flush: JT854,"ranks=J,T,8,5,4",1383,396865
Flush: QJ872,"ranks=Q,J,8,7,2",1197,397358
Flush: QT863,"ranks=Q,T,8,6,3",1256,399993
Flush: KJ862,"ranks=K,J,8,6,2",992,401302
Flush: AK952,"ranks=A,K,9,5,2",448,403522
Flush: AT763,"ranks=A,T,7,6,3",729,404547
Flush: T9864,"ranks=T,9,8,6,4",1484,408595
Flush: QJ754,"ranks=Q,J,7,5,4",1212,409045
Flush: AQT52,"ranks=A,Q,T,5,2",547,409262
Flush: KQ853,"ranks=K,Q,8,5,3",910,409479
Flush: AJT43,"ranks=A,J,T,4,3",632,410205
Flush: KJ654,"ranks=K,J,6,5,4",1009,413105
Flush: AK753,"ranks=A,K,7,5,3",472,414141
Flush: AT872,"ranks=A,T,8,7,2",716,416806
Flush: JT963,"ranks=J,T,9,6,3",1366,418209
Flush: K9854,"ranks=K,9,8,5,4",1084,418285
Flush: KT972,"ranks=K,T,9,7,2",1029,420394
Flush: Q9764,"ranks=Q,9,7,6,4",1300,421135
Flush: QT854,"ranks=Q,T,8,5,4",1258,424235
Flush: AJ853,"ranks=A,J,8,5,3",666,424473
Flush: KJ953,"ranks=K,J,9,5,3",979,428127
Flush: KQ862,"ranks=K,Q,8,6,2",908,428978
Flush: AT754,"ranks=A,T,7,5,4",731,429065
Flush: JT982,"ranks=J,T,9,8,2",1358,430882
Flush: AK943,"ranks=A,K,9,4,3",449,432345
Flush: AK762,"ranks=A,K,7,6,2",470,433862
Flush: QJT53,"ranks=Q,J,T,5,3",1167,434217
Flush: A9863,"ranks=A,9,8,6,3",754,437019
Flush: T9765,"ranks=T,9,7,6,5",1493,437437
Flush: AQT43,"ranks=A,Q,T,4,3",548,438495
Flush: AKJ42,"ranks=A,K,J,4,2",401,439930
Flush: KQ654,"ranks=K,Q,6,5,4",925,441595
Flush: JT873,"ranks=J,T,8,7,3",1377,442221
Flush: JT954,"ranks=J,T,9,5,4",1368,443555
Flush: QJ972,"ranks=Q,J,9,7,2",1182,444106
Flush: AJ862,"ranks=A,J,8,6,2",664,444686
Flush: QT963,"ranks=Q,T,9,6,3",1241,447051
Flush: KJ962,"ranks=K,J,9,6,2",977,448514
Flush: K8764,"ranks=K,8,7,6,4",1111,449735
Flush: AQ853,"ranks=A,Q,8,5,3",582,453747
Flush: QJT62,"ranks=Q,J,T,6,2",1165,454894
Flush: KQ953,"ranks=K,Q,9,5,3",895,457653
Flush: AJ654,"ranks=A,J,6,5,4",681,457765
Flush: KJ763,"ranks=K,J,7,6,3",1001,460317
Flush: QT982,"ranks=Q,T,9,8,2",1233,460598
Flush: A9854,"ranks=A,9,8,5,4",756,463505
Flush: KQJ52,"ranks=K,Q,J,5,2",847,465682
Flush: AT972,"ranks=A,T,9,7,2",701,465842
Flush: K9873,"ranks=K,9,8,7,3",1078,466089
Flush: AKQ42,"ranks=A,K,Q,4,2",365,470270
Flush: QT873,"ranks=Q,T,8,7,3",1252,472719
Flush: QT954,"ranks=Q,T,9,5,4",1243,474145
Flush: KJ872,"ranks=K,J,8,7,2",988,474266
Flush: AJ953,"ranks=A,J,9,5,3",651,474411
Flush: AQ862,"ranks=A,Q,8,6,2",580,475354
Flush: JT764,"ranks=J,T,7,6,4",1390,476905
Flush: KT863,"ranks=K,T,8,6,3",1047,477411
Flush: KQ962,"ranks=K,Q,9,6,2",893,479446
Flush: T9874,"ranks=T,9,8,7,4",1480,482885
Flush: KJ754,"ranks=K,J,7,5,4",1003,488215
Flush: AKT52,"ranks=A,K,T,5,2",427,488474
Flush: AQ654,"ranks=A,Q,6,5,4",597,489335
Flush: KQ763,"ranks=K,Q,7,6,3",917,492063
Flush: J8765,"ranks=J,8,7,6,5",1444,493493
Flush: JT973,"ranks=J,T,9,7,3",1362,494247
Flush: AJ962,"ranks=A,J,9,6,2",649,497002
Flush: A8764,"ranks=A,8,7,6,4",783,498355
Flush: KQJ43,"ranks=K,Q,J,4,3",848,498945
Flush: K9764,"ranks=K,9,7,6,4",1091,502645
Flush: QJ863,"ranks=Q,J,8,6,3",1200,504339
Flush: KT854,"ranks=K,T,8,5,4",1049,506345
Flush: KQ872,"ranks=K,Q,8,7,2",904,506974
Flush: AQ953,"ranks=A,Q,9,5,3",567,507129
Flush: QT764,"ranks=Q,T,7,6,4",1265,509795
Flush: AJ763,"ranks=A,J,7,6,3",673,510081
Flush: J9864,"ranks=J,9,8,6,4",1415,515185
Flush: AQJ52,"ranks=A,Q,J,5,2",519,516026
Flush: A9873,"ranks=A,9,8,7,3",750,516477
Flush: KJT53,"ranks=K,J,T,5,3",958,518259
Flush: KQ754,"ranks=K,Q,7,5,4",919,521885
Flush: AKT43,"ranks=A,K,T,4,3",428,523365
Flush: AJ872,"ranks=A,J,8,7,2",660,525538
Flush: Q8765,"ranks=Q,8,7,6,5",1319,527527
Flush: QT973,"ranks=Q,T,9,7,3",1237,528333
Flush: AT863,"ranks=A,T,8,6,3",719,529023
Flush: KJ972,"ranks=K,J,9,7,2",973,530062
Flush: AQ962,"ranks=A,Q,9,6,2",565,531278
Flush: KT963,"ranks=K,T,9,6,3",1032,533577
Flush: QJ854,"ranks=Q,J,8,5,4",1202,534905
Flush: QJT72,"ranks=Q,J,T,7,2",1161,537602
Flush: AJ754,"ranks=A,J,7,5,4",675,540995
Flush: AK853,"ranks=A,K,8,5,3",462,541569
Flush: KJT62,"ranks=K,J,T,6,2",956,542938
Flush: AQ763,"ranks=A,Q,7,6,3",589,545259
Flush: KT982,"ranks=K,T,9,8,2",1024,549746
Flush: Q9864,"ranks=Q,9,8,6,4",1290,550715
Flush: J9765,"ranks=J,9,7,6,5",1424,551551
Flush: AQJ43,"ranks=A,Q,J,4,3",520,552885
Flush: KQT53,"ranks=K,Q,T,5,3",874,554001
Flush: A9764,"ranks=A,9,7,6,4",763,556985
Flush: AT854,"ranks=A,T,8,5,4",721,561085
Flush: AQ872,"ranks=A,Q,8,7,2",576,561782
Flush: QJ963,"ranks=Q,J,9,6,3",1185,563673
Flush: KT873,"ranks=K,T,8,7,3",1043,564213
Flush: KT954,"ranks=K,T,9,5,4",1034,565915
Flush: KQ972,"ranks=K,Q,9,7,2",889,566618
Flush: AK862,"ranks=A,K,8,6,2",460,567358
Flush: T9865,"ranks=T,9,8,6,5",1483,572033
Flush: AJT53,"ranks=A,J,T,5,3",630,574287
Flush: AQ754,"ranks=A,Q,7,5,4",591,578305
Flush: KQT62,"ranks=K,Q,T,6,2",872,580382
Flush: QJ982,"ranks=Q,J,9,8,2",1177,580754
Flush: AK654,"ranks=A,K,6,5,4",477,584045
Flush: AJ972,"ranks=A,J,9,7,2",645,587366
Flush: Q9765,"ranks=Q,9,7,6,5",1299,589589
Flush: AT963,"ranks=A,T,9,6,3",704,591261
Flush: QJ873,"ranks=Q,J,8,7,3",1196,596037
Flush: QJ954,"ranks=Q,J,9,5,4",1187,597835
Flush: AJT62,"ranks=A,J,T,6,2",628,601634
Flush: KJ863,"ranks=K,J,8,6,3",991,601953
Flush: AK953,"ranks=A,K,9,5,3",447,605283
Flush: KT764,"ranks=K,T,7,6,4",1056,608465
Flush: J9874,"ranks=J,9,8,7,4",1411,608855
Flush: AT982,"ranks=A,T,9,8,2",696,609178
Flush: AQT53,"ranks=A,Q,T,5,3",546,613893
Flush: AKJ52,"ranks=A,K,J,5,2",399,615902
Flush: JT864,"ranks=J,T,8,6,4",1380,623645
Flush: AT873,"ranks=A,T,8,7,3",715,625209
Flush: AT954,"ranks=A,T,9,5,4",706,627095
Flush: AQ972,"ranks=A,Q,9,7,2",561,627874
Flush: K8765,"ranks=K,8,7,6,5",1110,629629
Flush: KT973,"ranks=K,T,9,7,3",1028,630591
Flush: AK962,"ranks=A,K,9,6,2",445,634106
Flush: KJ854,"ranks=K,J,8,5,4",993,638435
Flush: KJT72,"ranks=K,J,T,7,2",952,641654
Flush: QJ764,"ranks=Q,J,7,6,4",1209,642785
Flush: AQT62,"ranks=A,Q,T,6,2",544,643126
Flush: KQ863,"ranks=K,Q,8,6,3",907,643467
Flush: JT983,"ranks=J,T,9,8,3",1357,646323
Flush: AK763,"ranks=A,K,7,6,3",469,650793
Flush: Q9874,"ranks=Q,9,8,7,4",1286,650845
Flush: K9864,"ranks=K,9,8,6,4",1081,657305
Flush: AKQ52,"ranks=A,K,Q,5,2",363,658378
Flush: AKJ43,"ranks=A,K,J,4,3",400,659895
Flush: QJ973,"ranks=Q,J,9,7,3",1181,666159
Flush: QT864,"ranks=Q,T,8,6,4",1255,666655
Flush: AJ863,"ranks=A,J,8,6,3",663,667029
Flush: JT765,"ranks=J,T,7,6,5",1389,667667
Flush: AK872,"ranks=A,K,8,7,2",456,670514
Flush: KJ963,"ranks=K,J,9,6,3",976,672771
Flush: AT764,"ranks=A,T,7,6,4",728,674245
Flush: T9875,"ranks=T,9,8,7,5",1479,676039
Flush: QJT63,"ranks=Q,J,T,6,3",1164,682341
Flush: KQ854,"ranks=K,Q,8,5,4",909,682465
Flush: KQT72,"ranks=K,Q,T,7,2",868,685906
Flush: AK754,"ranks=A,K,7,5,4",471,690235
Flush: QT983,"ranks=Q,T,9,8,3",1232,690897
Flush: KJ982,"ranks=K,J,9,8,2",968,693158
Flush: JT964,"ranks=J,T,9,6,4",1365,697015
Flush: A8765,"ranks=A,8,7,6,5",782,697697
Flush: KQJ53,"ranks=K,Q,J,5,3",846,698523
Flush: AT973,"ranks=A,T,9,7,3",700,698763
Flush: QJT82,"ranks=Q,J,T,8,2",1156,703018
Flush: K9765,"ranks=K,9,7,6,5",1090,703703
Flush: AKQ43,"ranks=A,K,Q,4,3",364,705405
Flush: AJ854,"ranks=A,J,8,5,4",665,707455
Flush: AJT72,"ranks=A,J,T,7,2",624,711022
Flush: KJ873,"ranks=K,J,8,7,3",987,711399
Flush: AQ863,"ranks=A,Q,8,6,3",579,713031
Flush: KJ954,"ranks=K,J,9,5,4",978,713545
Flush: QT765,"ranks=Q,T,7,6,5",1264,713713
Flush: KQ963,"ranks=K,Q,9,6,3",892,719169
Flush: J9865,"ranks=J,9,8,6,5",1414,721259
Flush: QJT54,"ranks=Q,J,T,5,4",1166,723695
Flush: A9864,"ranks=A,9,8,6,4",753,728365
Flush: KQJ62,"ranks=K,Q,J,6,2",844,731786
Flush: AKT53,"ranks=A,K,T,5,3",426,732711
Flush: JT874,"ranks=J,T,8,7,4",1376,737035
Flush: KQ982,"ranks=K,Q,9,8,2",884,740962
Flush: QT964,"ranks=Q,T,9,6,4",1240,745085
Flush: AJ963,"ranks=A,J,9,6,3",648,745503
Flush: AK972,"ranks=A,K,9,7,2",441,749398
Flush: AQ854,"ranks=A,Q,8,5,4",581,756245
Flush: AQT72,"ranks=A,Q,T,7,2",540,760058
Flush: KQ873,"ranks=K,Q,8,7,3",903,760461
Flush: KQ954,"ranks=K,Q,9,5,4",894,762755
Flush: KJ764,"ranks=K,J,7,6,4",1000,767195
Flush: AKT62,"ranks=A,K,T,6,2",424,767602
Flush: AJ982,"ranks=A,J,9,8,2",640,768094
Flush: Q9865,"ranks=Q,9,8,6,5",1289,771001
Flush: AQJ53,"ranks=A,Q,J,5,3",518,774039
Flush: K9874,"ranks=K,9,8,7,4",1077,776815
Flush: A9765,"ranks=A,9,7,6,5",762,779779
Flush: QJT92,"ranks=Q,J,T,9,2",1150,785726
Flush: QT874,"ranks=Q,T,8,7,4",1251,787865
Flush: AJ873,"ranks=A,J,8,7,3",659,788307
Flush: AJ954,"ranks=A,J,9,5,4",650,790685
Flush: KJ973,"ranks=K,J,9,7,3",972,795093
Flush: KT864,"ranks=K,T,8,6,4",1046,795685
Flush: AQ963,"ranks=A,Q,9,6,3",564,796917
Flush: QJT73,"ranks=Q,J,T,7,3",1160,806403
Flush: AQJ62,"ranks=A,Q,J,6,2",516,810898
Flush: KJT63,"ranks=K,J,T,6,3",955,814407
Flush: KQ764,"ranks=K,Q,7,6,4",916,820105
Flush: AQ982,"ranks=A,Q,9,8,2",556,821066
Flush: JT974,"ranks=J,T,9,7,4",1361,823745
Flush: KT983,"ranks=K,T,9,8,3",1023,824619
Flush: KJT82,"ranks=K,J,T,8,2",947,839086
Flush: QJ864,"ranks=Q,J,8,6,4",1199,840565
Flush: AQ873,"ranks=A,Q,8,7,3",575,842673
Flush: AQ954,"ranks=A,Q,9,5,4",566,845215
Flush: KQ973,"ranks=K,Q,9,7,3",888,849927
Flush: AJ764,"ranks=A,J,7,6,4",672,850135
Flush: AK863,"ranks=A,K,8,6,3",459,851037
Flush: KT765,"ranks=K,T,7,6,5",1055,851851
Flush: J9875,"ranks=J,9,8,7,5",1410,852397
Flush: A9874,"ranks=A,9,8,7,4",749,860795
Flush: KJT54,"ranks=K,J,T,5,4",957,863765
Flush: KQJ72,"ranks=K,Q,J,7,2",840,864838
Flush: KQT63,"ranks=K,Q,T,6,3",871,870573
Flush: QJ983,"ranks=Q,J,9,8,3",1176,871131
Flush: JT865,"ranks=J,T,8,6,5",1379,873103
Flush: QT974,"ranks=Q,T,9,7,4",1236,880555
Flush: AJ973,"ranks=A,J,9,7,3",644,881049
Flush: AT864,"ranks=A,T,8,6,4",718,881705
Flush: KT964,"ranks=K,T,9,6,4",1031,889295
Flush: KQT82,"ranks=K,Q,T,8,2",863,896954
Flush: QJ765,"ranks=Q,J,7,6,5",1208,899899
Flush: AJT63,"ranks=A,J,T,6,3",627,902451
Flush: AK854,"ranks=A,K,8,5,4",461,902615
Flush: AKT72,"ranks=A,K,T,7,2",420,907166
Flush: AQ764,"ranks=A,Q,7,6,4",588,908765
Flush: Q9875,"ranks=Q,9,8,7,5",1285,911183
Flush: AT983,"ranks=A,T,9,8,3",695,913767
Flush: K9865,"ranks=K,9,8,6,5",1080,920227
Flush: KQT54,"ranks=K,Q,T,5,4",873,923335
Flush: AKJ53,"ranks=A,K,J,5,3",398,923853
Flush: AJT82,"ranks=A,J,T,8,2",619,929798
Flush: QT865,"ranks=Q,T,8,6,5",1254,933317
Flush: KJT92,"ranks=K,J,T,9,2",941,937802
Flush: QJ964,"ranks=Q,J,9,6,4",1184,939455
Flush: KT874,"ranks=K,T,8,7,4",1042,940355
Flush: AQ973,"ranks=A,Q,9,7,3",560,941811
Flush: AT765,"ranks=A,T,7,6,5",727,943943
Flush: AK963,"ranks=A,K,9,6,3",444,951159
Flush: AJT54,"ranks=A,J,T,5,4",629,957145
Flush: AQJ72,"ranks=A,Q,J,7,2",512,958334
Flush: KJT73,"ranks=K,J,T,7,3",951,962481
Flush: AQT63,"ranks=A,Q,T,6,3",543,964689
Flush: AKJ62,"ranks=A,K,J,6,2",396,967846
Flush: JT965,"ranks=J,T,9,6,5",1364,975821
Flush: AK982,"ranks=A,K,9,8,2",436,979982
Flush: AT964,"ranks=A,T,9,6,4",703,985435
Flush: AKQ53,"ranks=A,K,Q,5,3",362,987567
Flush: QJ874,"ranks=Q,J,8,7,4",1195,993395
Flush: AQT82,"ranks=A,Q,T,8,2",535,993922
Flush: KQT92,"ranks=K,Q,T,9,2",857,1002478
Flush: KJ864,"ranks=K,J,8,6,4",990,1003255
Flush: AK873,"ranks=A,K,8,7,3",455,1005771
Flush: AK954,"ranks=A,K,9,5,4",446,1008805
Flush: A9865,"ranks=A,9,8,6,5",752,1019711
Flush: AQT54,"ranks=A,Q,T,5,4",545,1023155
Flush: KQT73,"ranks=K,Q,T,7,3",867,1028859
Flush: JT875,"ranks=J,T,8,7,5",1375,1031849
Flush: AKQ62,"ranks=A,K,Q,6,2",360,1034594
Flush: AJT92,"ranks=A,J,T,9,2",613,1039186
Flush: KJ983,"ranks=K,J,9,8,3",967,1039737
Flush: AT874,"ranks=A,T,8,7,4",714,1042015
Flush: QT965,"ranks=Q,T,9,6,5",1239,1043119
Flush: KT974,"ranks=K,T,9,7,4",1027,1050985
Flush: QJT83,"ranks=Q,J,T,8,3",1155,1054527
Straight Flush to T,"ranks=6,7,8,9,T",5,1062347
Flush: AJT73,"ranks=A,J,T,7,3",623,1066533
Flush: KQ864,"ranks=K,Q,8,6,4",906,1072445
Flush: KJ765,"ranks=K,J,7,6,5",999,1074073
Flush: JT984,"ranks=J,T,9,8,4",1356,1077205
Flush: AK764,"ranks=A,K,7,6,4",468,1084655
Flush: K9875,"ranks=K,9,8,7,5",1076,1087541
Flush: KQJ63,"ranks=K,Q,J,6,3",843,1097679
Flush: QT875,"ranks=Q,T,8,7,5",1250,1103011
Flush: QJ974,"ranks=Q,J,9,7,4",1180,1110265
Flush: AQT92,"ranks=A,Q,T,9,2",529,1110854
Flush: KQ983,"ranks=K,Q,9,8,3",883,1111443
Flush: AJ864,"ranks=A,J,8,6,4",662,1111715
Flush: KT865,"ranks=K,T,8,6,5",1045,1113959
Flush: KJ964,"ranks=K,J,9,6,4",975,1121285
Flush: AK973,"ranks=A,K,9,7,3",440,1124097
Flush: KQJ82,"ranks=K,Q,J,8,2",835,1130942
Flush: QJT64,"ranks=Q,J,T,6,4",1163,1137235
Flush: AQT73,"ranks=A,Q,T,7,3",539,1140087
Flush: AKJ72,"ranks=A,K,J,7,2",392,1143818
Flush: KQ765,"ranks=K,Q,7,6,5",915,1148147
Flush: AKT63,"ranks=A,K,T,6,3",423,1151403
Flush: QT984,"ranks=Q,T,9,8,4",1231,1151495
Flush: AJ983,"ranks=A,J,9,8,3",639,1152141
Flush: JT975,"ranks=J,T,9,7,5",1360,1153243
Flush: KQJ54,"ranks=K,Q,J,5,4",845,1164205
Flush: AT974,"ranks=A,T,9,7,4",699,1164605
Flush: QJ865,"ranks=Q,J,8,6,5",1198,1176791
Flush: QJT93,"ranks=Q,J,T,9,3",1149,1178589
Flush: KJ874,"ranks=K,J,8,7,4",986,1185665
Flush: AKT82,"ranks=A,K,T,8,2",415,1186294
Flush: AQ864,"ranks=A,Q,8,6,4",578,1188385
Flush: AJ765,"ranks=A,J,7,6,5",671,1190189
Flush: KQ964,"ranks=K,Q,9,6,4",891,1198615
Flush: A9875,"ranks=A,9,8,7,5",748,1205113
Flush: AQJ63,"ranks=A,Q,J,6,3",515,1216347
Flush: AKT54,"ranks=A,K,T,5,4",425,1221185
Flush: AKQ72,"ranks=A,K,Q,7,2",356,1222702
Flush: AQ983,"ranks=A,Q,9,8,3",555,1231599
Flush: QT975,"ranks=Q,T,9,7,5",1235,1232777
Flush: AT865,"ranks=A,T,8,6,5",717,1234387
Flush: AJ964,"ranks=A,J,9,6,4",647,1242505
Flush: KT965,"ranks=K,T,9,6,5",1030,1245013
Flush: AQJ82,"ranks=A,Q,J,8,2",507,1253206
Flush: KJT83,"ranks=K,J,T,8,3",946,1258629
Flush: KQJ92,"ranks=K,Q,J,9,2",829,1263994
Flush: KQ874,"ranks=K,Q,8,7,4",902,1267435
Flush: AQ765,"ranks=A,Q,7,6,5",587,1272271
Flush: AQJ54,"ranks=A,Q,J,5,4",517,1290065
Flush: KQJ73,"ranks=K,Q,J,7,3",839,1297257
Flush: AJ874,"ranks=A,J,8,7,4",658,1313845
Flush: QJ965,"ranks=Q,J,9,6,5",1183,1315237
Flush: KT875,"ranks=K,T,8,7,5",1041,1316497
Flush: KJ974,"ranks=K,J,9,7,4",971,1325155
Flush: AKT92,"ranks=A,K,T,9,2",409,1325858
Flush: AQ964,"ranks=A,Q,9,6,4",563,1328195
Flush: J9876,"ranks=J,9,8,7,6",1409,1339481
Flush: QJT74,"ranks=Q,J,T,7,4",1159,1344005
Flush: KQT83,"ranks=K,Q,T,8,3",862,1345431
Flush: KJT64,"ranks=K,J,T,6,4",954,1357345
Flush: AKT73,"ranks=A,K,T,7,3",419,1360749
Flush: KT984,"ranks=K,T,9,8,4",1022,1374365
Flush: AT965,"ranks=A,T,9,6,5",702,1379609
Flush: QJ875,"ranks=Q,J,8,7,5",1194,1390753
Flush: AJT83,"ranks=A,J,T,8,3",618,1394697
Flush: AQJ92,"ranks=A,Q,J,9,2",501,1400642
Flush: AQ874,"ranks=A,Q,8,7,4",574,1404455
Flush: KJ865,"ranks=K,J,8,6,5",989,1404557
Flush: KJT93,"ranks=K,J,T,9,3",940,1406703
Flush: KQ974,"ranks=K,Q,9,7,4",887,1416545
Flush: AK864,"ranks=A,K,8,6,4",458,1418395
Flush: Q9876,"ranks=Q,9,8,7,6",1284,1431859
Flush: AQJ73,"ranks=A,Q,J,7,3",511,1437501
Flush: KQT64,"ranks=K,Q,T,6,4",870,1450955
Flush: AKJ63,"ranks=A,K,J,6,3",395,1451769
Flush: QJ984,"ranks=Q,J,9,8,4",1175,1451885
Flush: AT875,"ranks=A,T,8,7,5",713,1458821
Flush: AJ974,"ranks=A,J,9,7,4",643,1468415
Flush: AK983,"ranks=A,K,9,8,3",435,1469973
Flush: KT975,"ranks=K,T,9,7,5",1026,1471379
Flush: AQT83,"ranks=A,Q,T,8,3",534,1490883
Flush: AKJ82,"ranks=A,K,J,8,2",387,1495762
Flush: KQ865,"ranks=K,Q,8,6,5",905,1501423
Flush: KQT93,"ranks=K,Q,T,9,3",856,1503717
Flush: AJT64,"ranks=A,J,T,6,4",626,1504085
Flush: JT985,"ranks=J,T,9,8,5",1355,1508087
Flush: AK765,"ranks=A,K,7,6,5",467,1518517
Flush: AT984,"ranks=A,T,9,8,4",694,1522945
Flush: KQJT2,"ranks=K,Q,J,T,2",822,1530098
Flush: AKJ54,"ranks=A,K,J,5,4",397,1539755
Flush: AKQ63,"ranks=A,K,Q,6,3",359,1551891
Flush: QJ975,"ranks=Q,J,9,7,5",1179,1554371
Flush: AJ865,"ranks=A,J,8,6,5",661,1556401
Flush: AJT93,"ranks=A,J,T,9,3",612,1558779
Flush: AQ974,"ranks=A,Q,9,7,4",559,1569685
Flush: KJ965,"ranks=K,J,9,6,5",974,1569799
Flush: AK964,"ranks=A,K,9,6,4",443,1585265
Flush: QJT65,"ranks=Q,J,T,6,5",1162,1592129
Flush: AKQ82,"ranks=A,K,Q,8,2",351,1598918
Flush: KJT74,"ranks=K,J,T,7,4",950,1604135
Flush: AQT64,"ranks=A,Q,T,6,4",542,1607815
Flush: QT985,"ranks=Q,T,9,8,5",1230,1612093
Flush: JT876,"ranks=J,T,8,7,6",1374,1621477
Flush: AT975,"ranks=A,T,9,7,5",698,1630447
Flush: AKQ54,"ranks=A,K,Q,5,4",361,1645945
Flush: KJ875,"ranks=K,J,8,7,5",985,1659931
Flush: AQ865,"ranks=A,Q,8,6,5",577,1663739
Flush: AQT93,"ranks=A,Q,T,9,3",528,1666281
Flush: AKJ92,"ranks=A,K,J,9,2",381,1671734
Flush: AK874,"ranks=A,K,8,7,4",454,1676285
Flush: KQ965,"ranks=K,Q,9,6,5",890,1678061
Flush: AQJT2,"ranks=A,Q,J,T,2",494,1695514
Flush: KQJ83,"ranks=K,Q,J,8,3",834,1696413
Flush: K9876,"ranks=K,9,8,7,6",1075,1708993
Flush: KQT74,"ranks=K,Q,T,7,4",866,1714765
Flush: AKJ73,"ranks=A,K,J,7,3",391,1715727
Flush: KJ984,"ranks=K,J,9,8,4",966,1732895
Flush: QT876,"ranks=Q,T,8,7,6",1249,1733303
Flush: AJ965,"ranks=A,J,9,6,5",646,1739507
Flush: QJT84,"ranks=Q,J,T,8,4",1154,1757545
Flush: KQ875,"ranks=K,Q,8,7,5",901,1774409
Flush: AJT74,"ranks=A,J,T,7,4",622,1777555
Flush: AKT83,"ranks=A,K,T,8,3",414,1779441
Flush: AKQ92,"ranks=A,K,Q,9,2",345,1787026
Flush: JT976,"ranks=J,T,9,7,6",1359,1812239
Flush: KQJ64,"ranks=K,Q,J,6,4",842,1829465
Flush: AKQ73,"ranks=A,K,Q,7,3",355,1834053
Flush: AJ875,"ranks=A,J,8,7,5",657,1839383
Flush: KQ984,"ranks=K,Q,9,8,4",882,1852405
Flush: KJ975,"ranks=K,J,9,7,5",970,1855217
Flush: AQ965,"ranks=A,Q,9,6,5",562,1859473
Flush: AK974,"ranks=A,K,9,7,4",439,1873495
Flush: AQJ83,"ranks=A,Q,J,8,3",506,1879809
Flush: QJT75,"ranks=Q,J,T,7,5",1158,1881607
Flush: A9876,"ranks=A,9,8,7,6",747,1893749
Flush: KQJ93,"ranks=K,Q,J,9,3",828,1895991
Flush: AQT74,"ranks=A,Q,T,7,4",538,1900145
Flush: KJT65,"ranks=K,J,T,6,5",953,1900283
Flush: AKT64,"ranks=A,K,T,6,4",422,1919005
Flush: AJ984,"ranks=A,J,9,8,4",638,1920235
Flush: KT985,"ranks=K,T,9,8,5",1021,1924111
Flush: QT976,"ranks=Q,T,9,7,6",1234,1937221
Flush: QJT94,"ranks=Q,J,T,9,4",1148,1964315
Flush: AQ875,"ranks=A,Q,8,7,5",573,1966237
Flush: KQ975,"ranks=K,Q,9,7,5",886,1983163
Flush: AK865,"ranks=A,K,8,6,5",457,1985753
Flush: AKT93,"ranks=A,K,T,9,3",408,1988787
Flush: AKJT2,"ranks=A,K,J,T,2",374,2023678
Flush: AQJ64,"ranks=A,Q,J,6,4",514,2027245
Flush: KQT65,"ranks=K,Q,T,6,5",869,2031337
Flush: QJ985,"ranks=Q,J,9,8,5",1174,2032639
Flush: AQ984,"ranks=A,Q,9,8,4",554,2052665
Flush: AJ975,"ranks=A,J,9,7,5",642,2055781
Flush: KT876,"ranks=K,T,8,7,6",1040,2068781
Flush: KJT84,"ranks=K,J,T,8,4",945,2097715
Flush: AQJ93,"ranks=A,Q,J,9,3",500,2100963
Flush: AJT65,"ranks=A,J,T,6,5",625,2105719
Flush: AT985,"ranks=A,T,9,8,5",693,2132123
Flush: KQJ74,"ranks=K,Q,J,7,4",838,2162095
Flush: AKQT2,"ranks=A,K,Q,T,2",338,2163242
Flush: QJ876,"ranks=Q,J,8,7,6",1193,2185469
Flush: AQ975,"ranks=A,Q,9,7,5",558,2197559
Flush: AK965,"ranks=A,K,9,6,5",442,2219371
Flush: KQT84,"ranks=K,Q,T,8,4",861,2242385
Flush: AKJ83,"ranks=A,K,J,8,3",386,2243643
Flush: KJT75,"ranks=K,J,T,7,5",949,2245789
Flush: AQT65,"ranks=A,Q,T,6,5",541,2250941
Flush: AKT74,"ranks=A,K,T,7,4",418,2267915
Flush: AT876,"ranks=A,T,8,7,6",712,2292433
Flush: KQJT3,"ranks=K,Q,J,T,3",821,2295147
Flush: KT976,"ranks=K,T,9,7,6",1025,2312167
Flush: AJT84,"ranks=A,J,T,8,4",617,2324495
Flush: KJT94,"ranks=K,J,T,9,4",939,2344505
Flush: AK875,"ranks=A,K,8,7,5",453,2346799
Flush: JT986,"ranks=J,T,9,8,6",1354,2369851
Flush: AQJ74,"ranks=A,Q,J,7,4",510,2395835
Flush: AKQ83,"ranks=A,K,Q,8,3",350,2398377
Flush: KQT75,"ranks=K,Q,T,7,5",865,2400671
Flush: AKJ64,"ranks=A,K,J,6,4",394,2419615
Flush: KJ985,"ranks=K,J,9,8,5",965,2426053
Flush: QJ976,"ranks=Q,J,9,7,6",1178,2442583
Flush: AK984,"ranks=A,K,9,8,4",434,2449955
Flush: QJT85,"ranks=Q,J,T,8,5",1153,2460563
Flush: AQT84,"ranks=A,Q,T,8,4",533,2484805
Flush: AJT75,"ranks=A,J,T,7,5",621,2488577
Flush: KQT94,"ranks=K,Q,T,9,4",855,2506195
Flush: AKJ93,"ranks=A,K,J,9,3",380,2507601
Flush: QT986,"ranks=Q,T,9,8,6",1229,2533289
Flush: AQJT3,"ranks=A,Q,J,T,3",493,2543271
Flush: KQJ65,"ranks=K,Q,J,6,5",841,2561251
Flush: AT976,"ranks=A,T,9,7,6",697,2562131
Flush: AKQ64,"ranks=A,K,Q,6,4",358,2586485
Flush: KQ985,"ranks=K,Q,9,8,5",881,2593367
Flush: AJT94,"ranks=A,J,T,9,4",611,2597965
Flush: KJ876,"ranks=K,J,8,7,6",984,2608463
Flush: AK975,"ranks=A,K,9,7,5",438,2622893
Flush: AQT75,"ranks=A,Q,T,7,5",537,2660203
Flush: AKQ93,"ranks=A,K,Q,9,3",344,2680539
Flush: AKT65,"ranks=A,K,T,6,5",421,2686607
Flush: AJ985,"ranks=A,J,9,8,5",637,2688329
Flush: AKQJ2,"ranks=A,K,Q,J,2",330,2727566
Flush: QJT95,"ranks=Q,J,T,9,5",1147,2750041
Flush: AQT94,"ranks=A,Q,T,9,4",527,2777135
Flush: KQ876,"ranks=K,Q,8,7,6",900,2788357
Straight Flush to J,"ranks=7,8,9,T,J",4,2800733
Flush: KQJ84,"ranks=K,Q,J,8,4",833,2827355
Flush: AQJ65,"ranks=A,Q,J,6,5",513,2838143
Flush: AKJ74,"ranks=A,K,J,7,4",390,2859545
Flush: AQ985,"ranks=A,Q,9,8,5",553,2873731
Flush: AJ876,"ranks=A,J,8,7,6",656,2890459
Flush: KJ976,"ranks=K,J,9,7,6",969,2915341
Flush: KJT85,"ranks=K,J,T,8,5",944,2936801
Flush: QJT76,"ranks=Q,J,T,7,6",1157,2956811
Flush: AKT84,"ranks=A,K,T,8,4",413,2965735
Flush: QT987,"ranks=Q,T,9,8,7",1228,2993887
Flush: KT986,"ranks=K,T,9,8,6",1020,3023603
Flush: KQJ75,"ranks=K,Q,J,7,5",837,3026933
Flush: AKJT3,"ranks=A,K,J,T,3",373,3035517
Flush: AKQ74,"ranks=A,K,Q,7,4",354,3056755
Flush: AQ876,"ranks=A,Q,8,7,6",572,3089801
Flush: KQ976,"ranks=K,Q,9,7,6",885,3116399
Flush: AQJ84,"ranks=A,Q,J,8,4",505,3133015
Flush: KQT85,"ranks=K,Q,T,8,5",860,3139339
Flush: KQJ94,"ranks=K,Q,J,9,4",827,3159985
Flush: AKT75,"ranks=A,K,T,7,5",417,3175081
Flush: QJ986,"ranks=Q,J,9,8,6",1173,3194147
Flush: AJ976,"ranks=A,J,9,7,6",641,3230513
Flush: AKQT3,"ranks=A,K,Q,T,3",337,3244863
Flush: AJT85,"ranks=A,J,T,8,5",616,3254293
Flush: KJT95,"ranks=K,J,T,9,5",938,3282307
Flush: AKT94,"ranks=A,K,T,9,4",407,3314645
Flush: AT986,"ranks=A,T,9,8,6",692,3350479
Flush: AQJ75,"ranks=A,Q,J,7,5",509,3354169
Flush: AKJ65,"ranks=A,K,J,6,5",393,3387461
Flush: AK985,"ranks=A,K,9,8,5",433,3429937
Flush: AQ976,"ranks=A,Q,9,7,6",557,3453307
Flush: AQT85,"ranks=A,Q,T,8,5",532,3478727
Flush: AQJ94,"ranks=A,Q,J,9,4",499,3501605
Flush: KQT95,"ranks=K,Q,T,9,5",854,3508673
Flush: KJT76,"ranks=K,J,T,7,6",948,3529097
Flush: KT987,"ranks=K,T,9,8,7",1019,3573349
Flush: AKQ65,"ranks=A,K,Q,6,5",357,3621079
Flush: AJT95,"ranks=A,J,T,9,5",610,3637151
Flush: AK876,"ranks=A,K,8,7,6",452,3687827
Flush: AKJ84,"ranks=A,K,J,8,4",385,3739405
Flush: KQT76,"ranks=K,Q,T,7,6",864,3772483
Flush: QJ987,"ranks=Q,J,9,8,7",1172,3774901
Flush: KJ986,"ranks=K,J,9,8,6",964,3812369
Flush: KQJT4,"ranks=K,Q,J,T,4",820,3825245
Flush: QJT86,"ranks=Q,J,T,8,6",1152,3866599
Flush: AQT95,"ranks=A,Q,T,9,5",526,3887989
Flush: AJT76,"ranks=A,J,T,7,6",620,3910621
Flush: KQJ85,"ranks=K,Q,J,8,5",832,3958297
Flush: AT987,"ranks=A,T,9,8,7",691,3959657
Flush: AKQ84,"ranks=A,K,Q,8,4",349,3997295
Flush: AKJ75,"ranks=A,K,J,7,5",389,4003363
Flush: KQ986,"ranks=K,Q,9,8,6",880,4075291
Flush: AKQJ3,"ranks=A,K,Q,J,3",329,4091349
Flush: AK976,"ranks=A,K,9,7,6",437,4121689
Flush: AKT85,"ranks=A,K,T,8,5",412,4152029
Flush: AKJ94,"ranks=A,K,J,9,4",379,4179335
Flush: AQT76,"ranks=A,Q,T,7,6",536,4180319
Flush: AJ986,"ranks=A,J,9,8,6",636,4224517
Flush: AQJT4,"ranks=A,Q,J,T,4",492,4238785
Flush: AKQ75,"ranks=A,K,Q,7,5",353,4279457
Flush: QJT96,"ranks=Q,J,T,9,6",1146,4321493
Flush: AQJ85,"ranks=A,Q,J,8,5",504,4386221
Flush: KQJ95,"ranks=K,Q,J,9,5",826,4423979
Flush: AKQ94,"ranks=A,K,Q,9,4",343,4467565
Flush: KJ987,"ranks=K,J,9,8,7",963,4505527
Flush: AQ986,"ranks=A,Q,9,8,6",552,4515863
Flush: QJT87,"ranks=Q,J,T,8,7",1151,4569617
Flush: KJT86,"ranks=K,J,T,8,6",943,4614973
Flush: AKT95,"ranks=A,K,T,9,5",406,4640503
Flush: KQJ76,"ranks=K,Q,J,7,6",836,4756609
Flush: KQ987,"ranks=K,Q,9,8,7",879,4816253
Flush: AQJ95,"ranks=A,Q,J,9,5",498,4902247
Flush: KQT86,"ranks=K,Q,T,8,6",859,4933247
Flush: AKT76,"ranks=A,K,T,7,6",416,4989413
Flush: AJ987,"ranks=A,J,9,8,7",635,4992611
Flush: AKJT4,"ranks=A,K,J,T,4",372,5059195
Flush: QJT97,"ranks=Q,J,T,9,7",1145,5107219
Flush: AJT86,"ranks=A,J,T,8,6",615,5113889
Flush: KJT96,"ranks=K,J,T,9,6",937,5157911
Flush: AKJ85,"ranks=A,K,J,8,5",384,5235167
Flush: AQJ76,"ranks=A,Q,J,7,6",508,5270837
Flush: AQ987,"ranks=A,Q,9,8,7",551,5336929
Flush: KQJT5,"ranks=K,Q,J,T,5",819,5355343
Flush: AK986,"ranks=A,K,9,8,6",432,5389901
Flush: AKQT4,"ranks=A,K,Q,T,4",336,5408105
Flush: KJT87,"ranks=K,J,T,8,7",942,5454059
Flush: AQT86,"ranks=A,Q,T,8,6",531,5466571
Flush: KQT96,"ranks=K,Q,T,9,6",853,5513629
Flush: AKQ85,"ranks=A,K,Q,8,5",348,5596213
Flush: AJT96,"ranks=A,J,T,9,6",609,5715523
Flush: KQT87,"ranks=K,Q,T,8,7",858,5830201
Flush: AKJ95,"ranks=A,K,J,9,5",378,5851069
Flush: AQJT5,"ranks=A,Q,J,T,5",491,5934299
Flush: AJT87,"ranks=A,J,T,8,7",614,6043687
Flush: KJT97,"ranks=K,J,T,9,7",936,6095713
Flush: AQT96,"ranks=A,Q,T,9,6",525,6109697
Flush: KQJ86,"ranks=K,Q,J,8,6",831,6220181
Flush: AKQ95,"ranks=A,K,Q,9,5",342,6254591
Flush: AKJ76,"ranks=A,K,J,7,6",388,6290999
Flush: AK987,"ranks=A,K,9,8,7",431,6369883
Flush: AQT87,"ranks=A,Q,T,8,7",530,6460493
Flush: KQT97,"ranks=K,Q,T,9,7",852,6516107
Flush: AKT86,"ranks=A,K,T,8,6",411,6524617
Straight Flush to Q,"ranks=8,9,T,J,Q",3,6678671
Flush: AKQ76,"ranks=A,K,Q,7,6",352,6724861
Flush: AJT97,"ranks=A,J,T,9,7",608,6754709
Flush: AKQJ4,"ranks=A,K,Q,J,4",328,6818915
Flush: AQJ86,"ranks=A,Q,J,8,6",503,6892633
Flush: KQJ96,"ranks=K,Q,J,9,6",825,6951967
Flush: AKJT5,"ranks=A,K,J,T,5",371,7082873
Flush: AQT97,"ranks=A,Q,T,9,7",524,7220551
Flush: AKT96,"ranks=A,K,T,9,6",405,7292219
Flush: KQJ87,"ranks=K,Q,J,8,7",830,7351123
Flush: AKQT5,"ranks=A,K,Q,T,5",335,7571347
Flush: AQJ96,"ranks=A,Q,J,9,6",497,7703531
Flush: AKT87,"ranks=A,K,T,8,7",410,7710911
Flush: KJT98,"ranks=K,J,T,9,8",935,7971317
Flush: AQJ87,"ranks=A,Q,J,8,7",502,8145839
Flush: KQJ97,"ranks=K,Q,J,9,7",824,8215961
Flush: AKJ86,"ranks=A,K,J,8,6",383,8226691
Flush: KQJT6,"ranks=K,Q,J,T,6",818,8415539
Flush: KQT98,"ranks=K,Q,T,9,8",851,8521063
Flush: AKT97,"ranks=A,K,T,9,7",404,8618077
Flush: AKQ86,"ranks=A,K,Q,8,6",347,8794049
Flush: AJT98,"ranks=A,J,T,9,8",607,8833081
Flush: AQJ97,"ranks=A,Q,J,9,7",496,9104173
Flush: AKJ96,"ranks=A,K,J,9,6",377,9194537
Flush: AQJT6,"ranks=A,Q,J,T,6",490,9325327
Flush: AQT98,"ranks=A,Q,T,9,8",523,9442259
Flush: AKQJ5,"ranks=A,K,Q,J,5",327,9546481
Flush: AKJ87,"ranks=A,K,J,8,7",382,9722453
Flush: AKQ96,"ranks=A,K,Q,9,6",341,9828643
Flush: KQJT7,"ranks=K,Q,J,T,7",817,9945637
Flush: AKQ87,"ranks=A,K,Q,8,7",346,10392967
Flush: KQJ98,"ranks=K,Q,J,9,8",823,10743949
Flush: AKJ97,"ranks=A,K,J,9,7",376,10866271
Flush: AQJT7,"ranks=A,Q,J,T,7",489,11020841
Flush: AKJT6,"ranks=A,K,J,T,6",370,11130229
Flush: AKT98,"ranks=A,K,T,9,8",403,11269793
Flush: AKQ97,"ranks=A,K,Q,9,7",340,11615669
Flush: AKQT6,"ranks=A,K,Q,T,6",334,11897831
Flush: AQJ98,"ranks=A,Q,J,9,8",495,11905457
Flush: KQJT8,"ranks=K,Q,J,T,8",816,13005833
Flush: AKJT7,"ranks=A,K,J,T,7",369,13153907
Flush: AKQT7,"ranks=A,K,Q,T,7",333,14061073
Flush: AKJ98,"ranks=A,K,J,9,8",375,14209739
Flush: AQJT8,"ranks=A,Q,J,T,8",488,14411869
Straight Flush to K,"ranks=9,T,J,Q,K",2,14535931
Flush: AKQJ6,"ranks=A,K,Q,J,6",326,15001613
Flush: AKQ98,"ranks=A,K,Q,9,8",339,15189721
Flush: AQJT9,"ranks=A,Q,J,T,9",487,16107383
Flush: AKJT8,"ranks=A,K,J,T,8",368,17201263
Flush: AKQJ7,"ranks=A,K,Q,J,7",325,17729179
Flush: AKQT8,"ranks=A,K,Q,T,8",332,18387557
Flush: AKJT9,"ranks=A,K,J,T,9",367,19224941
Flush: AKQT9,"ranks=A,K,Q,T,9",331,20550799
Flush: AKQJ8,"ranks=A,K,Q,J,8",324,23184311
Flush: AKQJ9,"ranks=A,K,Q,J,9",323,25911877
Royal Flush,"ranks=A,K,Q,J,T",1,31367009